comparison,version,true_apis,false_apis,napps,keywords
<=,20,android.util.Log.d(Ljava/lang/String;Ljava/lang/String;)I,"",-Infinity, ||| 
<=,20,android.util.Log.w(Ljava/lang/String;Ljava/lang/String;)I,android.os.PersistableBundle.<init>()V&android.app.job.JobScheduler.schedule(Landroid/app/job/JobInfo;)I&android.app.job.JobInfo$Builder.build()Landroid/app/job/JobInfo;&android.app.job.JobScheduler.getAllPendingJobs()Ljava/util/List;&android.app.job.JobInfo$Builder.<init>(ILandroid/content/ComponentName;)V&android.content.Context.getSystemService(Ljava/lang/String;)Ljava/lang/Object;&android.util.Log.i(Ljava/lang/String;Ljava/lang/String;)I&android.os.BaseBundle.putString(Ljava/lang/String;Ljava/lang/String;)V&android.app.job.JobInfo$Builder.setPeriodic(J)Landroid/app/job/JobInfo$Builder;&android.app.job.JobInfo$Builder.setRequiresCharging(Z)Landroid/app/job/JobInfo$Builder;&android.content.ComponentName.<init>(Landroid/content/Context;Ljava/lang/Class;)V&android.app.job.JobInfo.getId()I&android.app.job.JobInfo$Builder.setExtras(Landroid/os/PersistableBundle;)Landroid/app/job/JobInfo$Builder;&android.content.Context.getApplicationContext()Landroid/content/Context;&android.util.Log.wtf(Ljava/lang/String;Ljava/lang/String;)I&android.app.job.JobInfo$Builder.setRequiresDeviceIdle(Z)Landroid/app/job/JobInfo$Builder;&android.app.job.JobInfo$Builder.setPersisted(Z)Landroid/app/job/JobInfo$Builder;&android.app.job.JobInfo$Builder.setRequiredNetworkType(I)Landroid/app/job/JobInfo$Builder;,-Infinity, ||| 
<=,20,android.util.Log.w(Ljava/lang/String;Ljava/lang/String;)I,"",-Infinity, ||| 
<=,20,android.webkit.CookieSyncManager.getInstance()Landroid/webkit/CookieSyncManager;&android.webkit.CookieSyncManager.sync()V,android.webkit.CookieManager.getInstance()Landroid/webkit/CookieManager;&android.webkit.CookieManager.flush()V,-Infinity, ||| 
<=,20,"",android.webkit.WebSettings.setMixedContentMode(I)V,-Infinity, ||| 
<=,20,android.webkit.WebResourceResponse.<init>(Ljava/lang/String;Ljava/lang/String;Ljava/io/InputStream;)V,android.webkit.WebResourceResponse.<init>(Ljava/lang/String;Ljava/lang/String;ILjava/lang/String;Ljava/util/Map;Ljava/io/InputStream;)V,-Infinity, ||| 
<=,20,"",android.webkit.WebResourceResponse.setResponseHeaders(Ljava/util/Map;)V,-Infinity, ||| 
<=,20,"",android.webkit.CookieManager.setAcceptThirdPartyCookies(Landroid/webkit/WebView;Z)V,-Infinity, ||| 
<=,20,"",android.webkit.CookieManager.flush()V,-Infinity, ||| 
<=,20,android.os.Environment.getExternalStorageDirectory()Ljava/io/File;,android.os.Environment.getExternalStorageDirectory()Ljava/io/File;&android.content.Context.getExternalMediaDirs()[Ljava/io/File;,-Infinity, ||| 
<=,20,android.content.res.Resources.getDrawable(I)Landroid/graphics/drawable/Drawable;,android.content.res.Resources.getDrawable(ILandroid/content/res/Resources$Theme;)Landroid/graphics/drawable/Drawable;,-Infinity, ||| 
<=,20,"",android.widget.AutoCompleteTextView.setDropDownBackgroundResource(I)V,-Infinity, ||| 
<=,20,android.webkit.CookieSyncManager.createInstance(Landroid/content/Context;)Landroid/webkit/CookieSyncManager;,"",-Infinity, ||| 
<=,20,"",android.content.Intent.getParcelableExtra(Ljava/lang/String;)Landroid/os/Parcelable;&android.os.BaseBundle.getInt(Ljava/lang/String;I)I,-Infinity, ||| 
<=,20,android.os.PersistableBundle.<init>()V&android.content.Context.getSystemService(Ljava/lang/String;)Ljava/lang/Object;&android.content.IntentFilter.<init>(Ljava/lang/String;)V&android.content.RestrictionsManager.requestPermission(Ljava/lang/String;Ljava/lang/String;Landroid/os/PersistableBundle;)V&android.content.BroadcastReceiver.<init>()V&android.content.Context.getPackageName()Ljava/lang/String;&android.os.UserManager.getApplicationRestrictions(Ljava/lang/String;)Landroid/os/Bundle;&android.os.BaseBundle.getBoolean(Ljava/lang/String;Z)Z&android.content.Context.registerReceiver(Landroid/content/BroadcastReceiver;Landroid/content/IntentFilter;Ljava/lang/String;Landroid/os/Handler;)Landroid/content/Intent;,"",-Infinity, ||| 
<=,20,android.os.PersistableBundle.<init>()V&android.content.Context.getSystemService(Ljava/lang/String;)Ljava/lang/Object;&android.content.Context.startActivity(Landroid/content/Intent;)V&android.os.BaseBundle.putString(Ljava/lang/String;Ljava/lang/String;)V&android.content.RestrictionsManager.requestPermission(Ljava/lang/String;Ljava/lang/String;Landroid/os/PersistableBundle;)V&android.content.pm.PackageManager.getPackageInfo(Ljava/lang/String;I)Landroid/content/pm/PackageInfo;&android.content.Context.getPackageName()Ljava/lang/String;&android.os.UserManager.getApplicationRestrictions(Ljava/lang/String;)Landroid/os/Bundle;&android.content.Context.getPackageManager()Landroid/content/pm/PackageManager;&android.os.BaseBundle.getBoolean(Ljava/lang/String;Z)Z&android.util.Log.e(Ljava/lang/String;Ljava/lang/String;)I,android.content.Context.startActivity(Landroid/content/Intent;)V,-Infinity, ||| 
<=,13,android.content.pm.PackageManager.getApplicationInfo(Ljava/lang/String;I)Landroid/content/pm/ApplicationInfo;&android.content.Context.getDir(Ljava/lang/String;I)Ljava/io/File;&android.content.Context.getPackageName()Ljava/lang/String;&android.content.Context.getClassLoader()Ljava/lang/ClassLoader;&dalvik.system.DexFile.loadDex(Ljava/lang/String;Ljava/lang/String;I)Ldalvik/system/DexFile;&android.content.SharedPreferences.getLong(Ljava/lang/String;J)J&android.content.Context.getPackageManager()Landroid/content/pm/PackageManager;&android.content.Context.getSharedPreferences(Ljava/lang/String;I)Landroid/content/SharedPreferences;&android.util.Log.e(Ljava/lang/String;Ljava/lang/String;Ljava/lang/Throwable;)I,android.content.pm.PackageManager.getApplicationInfo(Ljava/lang/String;I)Landroid/content/pm/ApplicationInfo;&android.util.Log.v(Ljava/lang/String;Ljava/lang/String;)I&android.content.Context.getPackageName()Ljava/lang/String;&android.content.SharedPreferences$Editor.putLong(Ljava/lang/String;J)Landroid/content/SharedPreferences$Editor;&android.content.Context.getPackageManager()Landroid/content/pm/PackageManager;&android.content.SharedPreferences.edit()Landroid/content/SharedPreferences$Editor;&android.content.Context.getDir(Ljava/lang/String;I)Ljava/io/File;&android.content.Context.getClassLoader()Ljava/lang/ClassLoader;&dalvik.system.DexFile.loadDex(Ljava/lang/String;Ljava/lang/String;I)Ldalvik/system/DexFile;&android.content.SharedPreferences$Editor.commit()Z&android.content.SharedPreferences.getLong(Ljava/lang/String;J)J&android.content.Context.getSharedPreferences(Ljava/lang/String;I)Landroid/content/SharedPreferences;&android.util.Log.e(Ljava/lang/String;Ljava/lang/String;Ljava/lang/Throwable;)I,-Infinity, ||| 
<=,13,"",android.hardware.Camera$Parameters.getMaxNumFocusAreas()I&android.graphics.Rect.<init>(IIII)V&android.hardware.Camera$Parameters.setFocusAreas(Ljava/util/List;)V&android.hardware.Camera$Area.<init>(Landroid/graphics/Rect;I)V&android.hardware.Camera.setParameters(Landroid/hardware/Camera$Parameters;)V,-Infinity, ||| 
<=,13,"",android.hardware.Camera$Parameters.setRecordingHint(Z)V,-Infinity, ||| 
<=,13,android.net.http.SslError.getPrimaryError()I&android.util.Log.i(Ljava/lang/String;Ljava/lang/String;)I&android.content.Context.getPackageName()Ljava/lang/String;&android.text.TextUtils.isEmpty(Ljava/lang/CharSequence;)Z,android.net.http.SslError.getUrl()Ljava/lang/String;&android.net.http.SslError.getPrimaryError()I&android.util.Log.i(Ljava/lang/String;Ljava/lang/String;)I&android.content.Context.getPackageName()Ljava/lang/String;&android.text.TextUtils.isEmpty(Ljava/lang/CharSequence;)Z,-Infinity, ||| 
<=,13,"",android.util.Log.v(Ljava/lang/String;Ljava/lang/String;)I&android.app.Application.registerActivityLifecycleCallbacks(Landroid/app/Application$ActivityLifecycleCallbacks;)V,-Infinity, ||| 
<=,13,"",android.os.Handler.post(Ljava/lang/Runnable;)Z&android.os.Looper.getMainLooper()Landroid/os/Looper;&android.os.Handler.<init>(Landroid/os/Looper;)V,-Infinity, ||| 
<=,13,android.view.View.getContext()Landroid/content/Context;&android.widget.ImageView.setImageResource(I)V,android.widget.ImageView.setImageResource(I)V,-Infinity, ||| 
<=,13,android.view.View.getContext()Landroid/content/Context;,"",-Infinity, ||| 
<=,13,android.widget.CheckBox.<init>(Landroid/content/Context;)V,android.widget.Switch.<init>(Landroid/content/Context;)V,-Infinity, ||| 
<=,13,android.content.pm.PackageManager.getApplicationInfo(Ljava/lang/String;I)Landroid/content/pm/ApplicationInfo;&android.content.pm.PackageManager.resolveContentProvider(Ljava/lang/String;I)Landroid/content/pm/ProviderInfo;&android.util.Log.d(Ljava/lang/String;Ljava/lang/String;)I&android.content.res.Resources.getConfiguration()Landroid/content/res/Configuration;&android.content.Intent.setClassName(Landroid/content/Context;Ljava/lang/String;)Landroid/content/Intent;&android.webkit.CookieManager.getInstance()Landroid/webkit/CookieManager;&android.content.Intent.putExtra(Ljava/lang/String;Ljava/io/Serializable;)Landroid/content/Intent;&android.content.res.Resources.getIdentifier(Ljava/lang/String;Ljava/lang/String;Ljava/lang/String;)I&android.accounts.AccountManager.get(Landroid/content/Context;)Landroid/accounts/AccountManager;&android.content.Context.getSystemService(Ljava/lang/String;)Ljava/lang/Object;&android.content.Intent.<init>()V&android.database.sqlite.SQLiteOpenHelper.<init>(Landroid/content/Context;Ljava/lang/String;Landroid/database/sqlite/SQLiteDatabase$CursorFactory;I)V&android.content.Context.getApplicationContext()Landroid/content/Context;&android.util.Log.w(Ljava/lang/String;Ljava/lang/String;)I&android.webkit.CookieSyncManager.getInstance()Landroid/webkit/CookieSyncManager;&android.app.Activity.finish()V&android.content.Context.getPackageManager()Landroid/content/pm/PackageManager;&android.content.res.Resources.getString(I)Ljava/lang/String;&android.content.Intent.getBooleanExtra(Ljava/lang/String;Z)Z&android.os.Looper.getMainLooper()Landroid/os/Looper;&android.content.Context.getContentResolver()Landroid/content/ContentResolver;&android.content.pm.PackageManager.checkSignatures(Ljava/lang/String;Ljava/lang/String;)I&android.util.SparseIntArray.<init>()V&android.content.Intent.addFlags(I)Landroid/content/Intent;&android.util.Log.e(Ljava/lang/String;Ljava/lang/String;Ljava/lang/Throwable;)I&android.os.BaseBundle.getBoolean(Ljava/lang/String;Z)Z&android.content.pm.PackageManager.getLaunchIntentForPackage(Ljava/lang/String;)Landroid/content/Intent;&android.content.pm.Signature.<init>(Ljava/lang/String;)V&android.os.Looper.myLooper()Landroid/os/Looper;&android.content.Context.getPackageName()Ljava/lang/String;&android.webkit.CookieManager.getCookie(Ljava/lang/String;)Ljava/lang/String;&android.app.Activity.startActivityForResult(Landroid/content/Intent;I)V&android.app.Activity.getIntent()Landroid/content/Intent;&android.util.Log.e(Ljava/lang/String;Ljava/lang/String;)I&android.accounts.AccountManager.getAuthenticatorTypes()[Landroid/accounts/AuthenticatorDescription;&android.content.Intent.getSerializableExtra(Ljava/lang/String;)Ljava/io/Serializable;&android.net.Uri.getAuthority()Ljava/lang/String;&android.content.Intent.getStringExtra(Ljava/lang/String;)Ljava/lang/String;&android.text.TextUtils.isEmpty(Ljava/lang/CharSequence;)Z&android.content.Context.getString(I)Ljava/lang/String;&android.content.ContextWrapper.getBaseContext()Landroid/content/Context;&android.webkit.CookieSyncManager.startSync()V&android.content.res.Resources.getBoolean(I)Z&android.content.pm.PackageManager.getPackageInfo(Ljava/lang/String;I)Landroid/content/pm/PackageInfo;&android.util.Log.w(Ljava/lang/String;Ljava/lang/String;Ljava/lang/Throwable;)I&android.webkit.CookieSyncManager.createInstance(Landroid/content/Context;)Landroid/webkit/CookieSyncManager;&android.content.ContextWrapper.<init>(Landroid/content/Context;)V&android.os.Handler.<init>(Landroid/os/Looper;)V&android.content.Context.getResources()Landroid/content/res/Resources;&android.util.Log.i(Ljava/lang/String;Ljava/lang/String;)I&android.content.Intent.putExtra(Ljava/lang/String;Z)Landroid/content/Intent;&android.content.Intent.putExtra(Ljava/lang/String;Ljava/lang/String;)Landroid/content/Intent;&android.util.SparseIntArray.put(II)V&android.content.Context.getSharedPreferences(Ljava/lang/String;I)Landroid/content/SharedPreferences;,android.content.pm.PackageManager.getApplicationInfo(Ljava/lang/String;I)Landroid/content/pm/ApplicationInfo;&android.content.pm.PackageManager.resolveContentProvider(Ljava/lang/String;I)Landroid/content/pm/ProviderInfo;&android.util.Log.d(Ljava/lang/String;Ljava/lang/String;)I&android.content.res.Resources.getConfiguration()Landroid/content/res/Configuration;&android.content.Intent.setClassName(Landroid/content/Context;Ljava/lang/String;)Landroid/content/Intent;&android.webkit.CookieManager.getInstance()Landroid/webkit/CookieManager;&android.content.Intent.putExtra(Ljava/lang/String;Ljava/io/Serializable;)Landroid/content/Intent;&android.content.res.Resources.getIdentifier(Ljava/lang/String;Ljava/lang/String;Ljava/lang/String;)I&android.accounts.AccountManager.get(Landroid/content/Context;)Landroid/accounts/AccountManager;&android.content.Context.getSystemService(Ljava/lang/String;)Ljava/lang/Object;&android.content.Intent.<init>()V&android.util.Log.i(Ljava/lang/String;Ljava/lang/String;Ljava/lang/Throwable;)I&android.database.sqlite.SQLiteOpenHelper.<init>(Landroid/content/Context;Ljava/lang/String;Landroid/database/sqlite/SQLiteDatabase$CursorFactory;I)V&android.content.Context.getApplicationContext()Landroid/content/Context;&android.util.Log.w(Ljava/lang/String;Ljava/lang/String;)I&android.webkit.CookieSyncManager.getInstance()Landroid/webkit/CookieSyncManager;&android.app.Activity.finish()V&android.content.Context.getPackageManager()Landroid/content/pm/PackageManager;&android.content.res.Resources.getString(I)Ljava/lang/String;&android.content.Intent.getBooleanExtra(Ljava/lang/String;Z)Z&android.os.Looper.getMainLooper()Landroid/os/Looper;&android.content.Context.getContentResolver()Landroid/content/ContentResolver;&android.content.pm.PackageManager.checkSignatures(Ljava/lang/String;Ljava/lang/String;)I&android.util.SparseIntArray.<init>()V&android.content.Intent.addFlags(I)Landroid/content/Intent;&android.util.Log.e(Ljava/lang/String;Ljava/lang/String;Ljava/lang/Throwable;)I&android.os.BaseBundle.getBoolean(Ljava/lang/String;Z)Z&android.content.pm.PackageManager.getLaunchIntentForPackage(Ljava/lang/String;)Landroid/content/Intent;&android.content.pm.Signature.<init>(Ljava/lang/String;)V&android.os.Looper.myLooper()Landroid/os/Looper;&android.content.Context.getPackageName()Ljava/lang/String;&android.webkit.CookieManager.getCookie(Ljava/lang/String;)Ljava/lang/String;&android.app.Activity.startActivityForResult(Landroid/content/Intent;I)V&android.app.Activity.getIntent()Landroid/content/Intent;&android.util.Log.e(Ljava/lang/String;Ljava/lang/String;)I&android.accounts.AccountManager.getAuthenticatorTypes()[Landroid/accounts/AuthenticatorDescription;&android.content.Intent.getSerializableExtra(Ljava/lang/String;)Ljava/io/Serializable;&android.net.Uri.getAuthority()Ljava/lang/String;&android.content.Intent.getStringExtra(Ljava/lang/String;)Ljava/lang/String;&android.text.TextUtils.isEmpty(Ljava/lang/CharSequence;)Z&android.content.Context.getString(I)Ljava/lang/String;&android.content.ContextWrapper.getBaseContext()Landroid/content/Context;&android.webkit.CookieSyncManager.startSync()V&android.content.res.Resources.getBoolean(I)Z&android.content.pm.PackageManager.getPackageInfo(Ljava/lang/String;I)Landroid/content/pm/PackageInfo;&android.util.Log.w(Ljava/lang/String;Ljava/lang/String;Ljava/lang/Throwable;)I&android.webkit.CookieSyncManager.createInstance(Landroid/content/Context;)Landroid/webkit/CookieSyncManager;&android.content.ContextWrapper.<init>(Landroid/content/Context;)V&android.os.Handler.<init>(Landroid/os/Looper;)V&android.content.Context.getResources()Landroid/content/res/Resources;&android.util.Log.i(Ljava/lang/String;Ljava/lang/String;)I&android.content.Intent.putExtra(Ljava/lang/String;Z)Landroid/content/Intent;&android.content.Intent.putExtra(Ljava/lang/String;Ljava/lang/String;)Landroid/content/Intent;&android.util.SparseIntArray.put(II)V&android.content.Context.getSharedPreferences(Ljava/lang/String;I)Landroid/content/SharedPreferences;,-Infinity, ||| 
<=,13,"",android.content.res.Resources.getIdentifier(Ljava/lang/String;Ljava/lang/String;Ljava/lang/String;)I&android.content.res.Resources.getBoolean(I)Z&android.content.Context.getPackageName()Ljava/lang/String;&android.util.Log.i(Ljava/lang/String;Ljava/lang/String;Ljava/lang/Throwable;)I&android.content.res.Resources.getConfiguration()Landroid/content/res/Configuration;&android.content.Context.getResources()Landroid/content/res/Resources;&android.content.Context.getString(I)Ljava/lang/String;,-Infinity, ||| 
<=,13,android.net.Uri.parse(Ljava/lang/String;)Landroid/net/Uri;&android.content.Intent.setData(Landroid/net/Uri;)Landroid/content/Intent;,android.content.res.Resources.getIdentifier(Ljava/lang/String;Ljava/lang/String;Ljava/lang/String;)I&android.content.res.Resources.getBoolean(I)Z&android.content.Context.getPackageName()Ljava/lang/String;&android.net.Uri.parse(Ljava/lang/String;)Landroid/net/Uri;&android.util.Log.i(Ljava/lang/String;Ljava/lang/String;Ljava/lang/Throwable;)I&android.content.Intent.setData(Landroid/net/Uri;)Landroid/content/Intent;&android.content.res.Resources.getConfiguration()Landroid/content/res/Configuration;&android.content.Context.getResources()Landroid/content/res/Resources;&android.content.Context.getString(I)Ljava/lang/String;,-Infinity, ||| 
<=,13,android.content.res.Resources.getIdentifier(Ljava/lang/String;Ljava/lang/String;Ljava/lang/String;)I&android.content.res.Resources.getBoolean(I)Z&android.content.Context.getPackageName()Ljava/lang/String;&android.content.Context.getResources()Landroid/content/res/Resources;&android.content.Context.getString(I)Ljava/lang/String;,"",-Infinity, ||| 
<=,13,"",android.content.res.Resources.getConfiguration()Landroid/content/res/Configuration;&android.content.Context.getResources()Landroid/content/res/Resources;,-Infinity, ||| 
<=,13,"",android.hardware.Camera.getCameraInfo(ILandroid/hardware/Camera$CameraInfo;)V&android.hardware.Camera$CameraInfo.<init>()V&android.content.pm.PackageManager.hasSystemFeature(Ljava/lang/String;)Z&android.util.Log.i(Ljava/lang/String;Ljava/lang/String;Ljava/lang/Throwable;)I&android.content.Context.getPackageManager()Landroid/content/pm/PackageManager;&android.hardware.Camera.getNumberOfCameras()I&android.content.res.Resources.getConfiguration()Landroid/content/res/Configuration;&android.content.Context.getResources()Landroid/content/res/Resources;&android.util.Log.e(Ljava/lang/String;Ljava/lang/String;Ljava/lang/Throwable;)I,-Infinity, ||| 
<=,13,android.app.AlertDialog$Builder.<init>(Landroid/content/Context;)V&android.app.AlertDialog$Builder.<init>(Landroid/content/Context;I)V,android.app.AlertDialog$Builder.<init>(Landroid/content/Context;I)V,-Infinity, ||| 
<=,13,"",android.content.pm.PackageManager.hasSystemFeature(Ljava/lang/String;)Z&android.content.Context.getPackageManager()Landroid/content/pm/PackageManager;,-Infinity, ||| 
<=,13,"",android.util.Log.i(Ljava/lang/String;Ljava/lang/String;)I&android.webkit.WebView.<init>(Landroid/content/Context;)V&android.app.Application.registerActivityLifecycleCallbacks(Landroid/app/Application$ActivityLifecycleCallbacks;)V,-Infinity, ||| 
<=,13,android.view.ViewGroup.removeView(Landroid/view/View;)V&android.app.Activity.setRequestedOrientation(I)V,android.view.ViewPropertyAnimator.setDuration(J)Landroid/view/ViewPropertyAnimator;&android.view.ViewPropertyAnimator.start()V&android.view.View.animate()Landroid/view/ViewPropertyAnimator;&android.view.ViewPropertyAnimator.alpha(F)Landroid/view/ViewPropertyAnimator;&android.view.ViewPropertyAnimator.setListener(Landroid/animation/Animator$AnimatorListener;)Landroid/view/ViewPropertyAnimator;&android.animation.AnimatorListenerAdapter.<init>()V,-Infinity, ||| 
<=,13,android.provider.ContactsContract$Contacts.openContactPhotoInputStream(Landroid/content/ContentResolver;Landroid/net/Uri;)Ljava/io/InputStream;,android.provider.ContactsContract$Contacts.openContactPhotoInputStream(Landroid/content/ContentResolver;Landroid/net/Uri;Z)Ljava/io/InputStream;,-Infinity, ||| 
<=,13,"",android.os.StatFs.getBlockSize()I&android.os.StatFs.<init>(Ljava/lang/String;)V&android.content.Context.getApplicationContext()Landroid/content/Context;&android.content.Context.getCacheDir()Ljava/io/File;&android.net.http.HttpResponseCache.getInstalled()Landroid/net/http/HttpResponseCache;&android.os.StatFs.getBlockCount()I&android.net.http.HttpResponseCache.install(Ljava/io/File;J)Landroid/net/http/HttpResponseCache;,-Infinity, ||| 
<=,13,"",android.util.Log.v(Ljava/lang/String;Ljava/lang/String;)I,-Infinity, ||| 
<=,10,android.os.AsyncTask.execute([Ljava/lang/Object;)Landroid/os/AsyncTask;,android.os.AsyncTask.executeOnExecutor(Ljava/util/concurrent/Executor;[Ljava/lang/Object;)Landroid/os/AsyncTask;,-Infinity, ||| 
<=,10,"",android.content.Context.getApplicationInfo()Landroid/content/pm/ApplicationInfo;&android.app.ActivityManager.getLargeMemoryClass()I,-Infinity, ||| 
<=,10,"",android.view.Window.getDecorView()Landroid/view/View;&android.os.BaseBundle.getInt(Ljava/lang/String;)I&android.view.View.setSystemUiVisibility(I)V&android.app.Activity.getWindow()Landroid/view/Window;,-Infinity, ||| 
<=,10,"",android.view.Window.setFlags(II)V&android.app.Activity.getWindow()Landroid/view/Window;,-Infinity, ||| 
<=,10,android.view.View.getMeasuredWidth()I&android.view.View.setMeasuredDimension(II)V,android.view.View.getMeasuredWidthAndState()I&android.view.View.setMeasuredDimension(II)V,-Infinity, ||| 
<=,10,"",android.content.Intent.addFlags(I)Landroid/content/Intent;,-Infinity, ||| 
<=,10,android.text.SpannableString.setSpan(Ljava/lang/Object;III)V&android.text.SpannableString.<init>(Ljava/lang/CharSequence;)V&android.text.style.ImageSpan.<init>(Landroid/content/Context;I)V,"",-Infinity, ||| 
<=,10,"",android.view.View.invalidate()V&android.view.View.setAlpha(F)V,-Infinity, ||| 
<=,10,android.app.AlertDialog$Builder.<init>(Landroid/content/Context;)V,android.app.AlertDialog$Builder.<init>(Landroid/content/Context;I)V,-Infinity, ||| 
<=,10,"",android.view.animation.Animation.setAnimationListener(Landroid/view/animation/Animation$AnimationListener;)V&android.view.View.setLayerType(ILandroid/graphics/Paint;)V&android.view.View.getLayerType()I,-Infinity, ||| 
<=,10,android.util.Log.w(Ljava/lang/String;Ljava/lang/String;)I&android.util.Log.e(Ljava/lang/String;Ljava/lang/String;)I,android.util.Log.w(Ljava/lang/String;Ljava/lang/String;)I&android.view.View.isHardwareAccelerated()Z&android.util.Log.e(Ljava/lang/String;Ljava/lang/String;)I,-Infinity, ||| 
<=,10,android.app.Activity.openOptionsMenu()V,android.widget.PopupMenu.getMenu()Landroid/view/Menu;&android.view.View.findViewById(I)Landroid/view/View;&android.widget.PopupMenu.<init>(Landroid/content/Context;Landroid/view/View;)V&android.view.Menu.add(IIII)Landroid/view/MenuItem;&android.widget.PopupMenu.show()V&android.widget.PopupMenu.setOnMenuItemClickListener(Landroid/widget/PopupMenu$OnMenuItemClickListener;)V,-Infinity, ||| 
<=,10,android.widget.ListView.setSelection(I)V,android.widget.AbsListView.smoothScrollToPositionFromTop(II)V,-Infinity, ||| 
<=,10,android.graphics.drawable.Drawable.invalidateSelf()V,"",-Infinity, ||| 
<=,10,"",android.app.ActivityManager.getLargeMemoryClass()I,-Infinity, ||| 
<=,10,"",android.view.View.addOnLayoutChangeListener(Landroid/view/View$OnLayoutChangeListener;)V,-Infinity, ||| 
<=,10,android.content.res.Resources.openRawResource(I)Ljava/io/InputStream;&android.text.SpannableStringBuilder.setSpan(Ljava/lang/Object;III)V&android.content.Context.getCacheDir()Ljava/io/File;&android.text.SpannableStringBuilder.length()I&android.text.style.MetricAffectingSpan.<init>()V&android.graphics.Typeface.createFromFile(Ljava/lang/String;)Landroid/graphics/Typeface;&android.text.SpannableStringBuilder.charAt(I)C&android.content.Context.getResources()Landroid/content/res/Resources;,"",-Infinity, ||| 
<=,10,android.view.View.setVisibility(I)V,android.view.animation.AlphaAnimation.<init>(FF)V&android.view.animation.Animation.setRepeatCount(I)V&android.view.View.startAnimation(Landroid/view/animation/Animation;)V&android.view.animation.Animation.setFillAfter(Z)V&android.view.animation.Animation.setDuration(J)V,-Infinity, ||| 
<=,10,android.view.View.setVisibility(I)V,android.view.View.setAlpha(F)V,-Infinity, ||| 
<=,10,"",android.os.Bundle.<init>()V&android.content.pm.PackageManager.getApplicationInfo(Ljava/lang/String;I)Landroid/content/pm/ApplicationInfo;&android.content.pm.Signature.<init>(Ljava/lang/String;)V&android.os.Looper.myLooper()Landroid/os/Looper;&android.content.Context.getPackageName()Ljava/lang/String;&android.content.pm.PackageManager.resolveContentProvider(Ljava/lang/String;I)Landroid/content/pm/ProviderInfo;&android.util.Log.e(Ljava/lang/String;Ljava/lang/String;)I&android.os.Handler.post(Ljava/lang/Runnable;)Z&android.accounts.AccountManager.get(Landroid/content/Context;)Landroid/accounts/AccountManager;&android.accounts.AccountManager.getAuthenticatorTypes()[Landroid/accounts/AuthenticatorDescription;&android.content.Context.getSystemService(Ljava/lang/String;)Ljava/lang/Object;&android.net.Uri.getAuthority()Ljava/lang/String;&android.text.TextUtils.isEmpty(Ljava/lang/CharSequence;)Z&android.database.sqlite.SQLiteOpenHelper.<init>(Landroid/content/Context;Ljava/lang/String;Landroid/database/sqlite/SQLiteDatabase$CursorFactory;I)V&android.content.Context.getApplicationContext()Landroid/content/Context;&android.os.Binder.getCallingUid()I&android.os.Bundle.putParcelable(Ljava/lang/String;Landroid/os/Parcelable;)V&android.util.Log.w(Ljava/lang/String;Ljava/lang/String;)I&android.content.ContextWrapper.getBaseContext()Landroid/content/Context;&android.content.pm.PackageManager.getPackageInfo(Ljava/lang/String;I)Landroid/content/pm/PackageInfo;&android.util.Log.w(Ljava/lang/String;Ljava/lang/String;Ljava/lang/Throwable;)I&android.content.ContextWrapper.<init>(Landroid/content/Context;)V&android.os.Handler.<init>(Landroid/os/Looper;)V&android.content.Context.getPackageManager()Landroid/content/pm/PackageManager;&android.util.Log.i(Ljava/lang/String;Ljava/lang/String;)I&android.os.Looper.getMainLooper()Landroid/os/Looper;&android.content.Context.getContentResolver()Landroid/content/ContentResolver;&android.content.pm.PackageManager.checkSignatures(Ljava/lang/String;Ljava/lang/String;)I&android.os.Bundle.putSerializable(Ljava/lang/String;Ljava/io/Serializable;)V&android.util.SparseIntArray.<init>()V&android.util.SparseIntArray.put(II)V&android.os.Process.myPid()I&android.os.BaseBundle.getString(Ljava/lang/String;)Ljava/lang/String;&android.content.Context.getSharedPreferences(Ljava/lang/String;I)Landroid/content/SharedPreferences;&android.util.Log.e(Ljava/lang/String;Ljava/lang/String;Ljava/lang/Throwable;)I&android.os.BaseBundle.getBoolean(Ljava/lang/String;Z)Z,-Infinity, ||| 
<=,10,"",android.view.View.setScaleY(F)V,-Infinity, ||| 
<=,22,"",android.content.ContextWrapper.checkSelfPermission(Ljava/lang/String;)I,-Infinity, ||| 
<=,22,android.util.Log.i(Ljava/lang/String;Ljava/lang/String;)I,android.util.Log.w(Ljava/lang/String;Ljava/lang/String;)I&android.content.pm.PackageManager.getPackageInfo(Ljava/lang/String;I)Landroid/content/pm/PackageInfo;&android.content.Context.getPackageName()Ljava/lang/String;&android.content.Context.getPackageManager()Landroid/content/pm/PackageManager;&android.util.Log.e(Ljava/lang/String;Ljava/lang/String;Ljava/lang/Throwable;)I,-Infinity, ||| 
<=,22,"",android.content.Context.getString(I)Ljava/lang/String;,-Infinity, ||| 
<=,22,android.content.res.Resources.getColor(I)I,android.content.res.Resources.getColor(ILandroid/content/res/Resources$Theme;)I,-Infinity, ||| 
<=,22,"",android.content.res.Resources.getIdentifier(Ljava/lang/String;Ljava/lang/String;Ljava/lang/String;)I&android.content.res.Resources.getBoolean(I)Z&android.content.Context.getPackageName()Ljava/lang/String;&android.content.Context.getResources()Landroid/content/res/Resources;&android.content.Context.getString(I)Ljava/lang/String;,-Infinity, ||| 
<=,22,android.content.Intent.setAction(Ljava/lang/String;)Landroid/content/Intent;&android.content.Intent.<init>()V&android.app.Activity.startActivityForResult(Landroid/content/Intent;I)V&android.content.Intent.setType(Ljava/lang/String;)Landroid/content/Intent;,android.view.ContextThemeWrapper.getResources()Landroid/content/res/Resources;&android.content.res.Resources.getString(I)Ljava/lang/String;,-Infinity, ||| 
<=,22,"",android.content.Context.checkSelfPermission(Ljava/lang/String;)I,-Infinity, ||| 
<=,22,"",android.app.Activity.requestPermissions([Ljava/lang/String;I)V,-Infinity, ||| 
<=,22,"",android.app.Activity.shouldShowRequestPermissionRationale(Ljava/lang/String;)Z,-Infinity, ||| 
<=,22,"",android.content.Intent.putExtra(Ljava/lang/String;[Ljava/lang/String;)Landroid/content/Intent;&android.content.Intent.putExtra(Ljava/lang/String;Z)Landroid/content/Intent;&android.content.Context.startActivity(Landroid/content/Intent;)V&android.content.Intent.putExtra(Ljava/lang/String;Landroid/os/Parcelable;)Landroid/content/Intent;&android.content.Intent.putExtra(Ljava/lang/String;Ljava/lang/String;)Landroid/content/Intent;&android.os.ResultReceiver.<init>(Landroid/os/Handler;)V&android.content.Intent.<init>(Landroid/content/Context;Ljava/lang/Class;)V,-Infinity, ||| 
<=,15,android.view.View.getViewTreeObserver()Landroid/view/ViewTreeObserver;&android.view.ViewTreeObserver.removeGlobalOnLayoutListener(Landroid/view/ViewTreeObserver$OnGlobalLayoutListener;)V,android.view.View.getViewTreeObserver()Landroid/view/ViewTreeObserver;&android.view.ViewTreeObserver.removeOnGlobalLayoutListener(Landroid/view/ViewTreeObserver$OnGlobalLayoutListener;)V,-Infinity, ||| 
<=,15,"",android.view.ContextThemeWrapper.getResources()Landroid/content/res/Resources;&android.content.res.Resources.getBoolean(I)Z,-Infinity, ||| 
<=,15,"",android.webkit.WebSettings.setAllowUniversalAccessFromFileURLs(Z)V,-Infinity, ||| 
<=,15,android.view.View.setBackgroundDrawable(Landroid/graphics/drawable/Drawable;)V,android.view.View.setBackground(Landroid/graphics/drawable/Drawable;)V,-Infinity, ||| 
<=,15,android.graphics.drawable.BitmapDrawable.<init>(Landroid/graphics/Bitmap;)V,android.graphics.drawable.BitmapDrawable.<init>(Landroid/content/res/Resources;Landroid/graphics/Bitmap;)V,-Infinity, ||| 
<=,15,"",android.graphics.drawable.DrawableContainer.setExitFadeDuration(I)V&android.graphics.drawable.StateListDrawable.addState([ILandroid/graphics/drawable/Drawable;)V&android.graphics.drawable.StateListDrawable.<init>()V&android.graphics.drawable.LayerDrawable.<init>([Landroid/graphics/drawable/Drawable;)V&android.content.res.Resources.getColor(I)I&android.content.res.Resources.getColor(ILandroid/content/res/Resources$Theme;)I&android.graphics.drawable.ColorDrawable.<init>(I)V,-Infinity, ||| 
<=,15,"",android.view.View.getViewTreeObserver()Landroid/view/ViewTreeObserver;&android.view.ViewTreeObserver.addOnGlobalLayoutListener(Landroid/view/ViewTreeObserver$OnGlobalLayoutListener;)V,-Infinity, ||| 
<=,15,android.util.Log.w(Ljava/lang/String;Ljava/lang/String;Ljava/lang/Throwable;)I,android.widget.AdapterView.getLastVisiblePosition()I&android.widget.AdapterView.getFirstVisiblePosition()I&android.util.Log.w(Ljava/lang/String;Ljava/lang/String;Ljava/lang/Throwable;)I,-Infinity, ||| 
<=,11,android.graphics.Bitmap.getRowBytes()I&android.graphics.Bitmap.getHeight()I,android.graphics.Bitmap.getByteCount()I,-Infinity, ||| 
<=,11,"",android.view.ViewPropertyAnimator.setDuration(J)Landroid/view/ViewPropertyAnimator;&android.view.View.animate()Landroid/view/ViewPropertyAnimator;&android.view.ViewPropertyAnimator.alpha(F)Landroid/view/ViewPropertyAnimator;&android.view.ViewPropertyAnimator.setListener(Landroid/animation/Animator$AnimatorListener;)Landroid/view/ViewPropertyAnimator;&android.view.View.setAlpha(F)V,-Infinity, ||| 
<=,11,"",android.view.View.animate()Landroid/view/ViewPropertyAnimator;&android.view.View.getHeight()I&android.view.ViewPropertyAnimator.translationY(F)Landroid/view/ViewPropertyAnimator;,-Infinity, ||| 
<=,11,"",android.view.View.animate()Landroid/view/ViewPropertyAnimator;&android.view.ViewPropertyAnimator.translationY(F)Landroid/view/ViewPropertyAnimator;,-Infinity, ||| 
<=,18,android.graphics.Bitmap.getByteCount()I&android.graphics.Bitmap.getRowBytes()I&android.graphics.Bitmap.getHeight()I,android.graphics.Bitmap.getAllocationByteCount()I,-Infinity, ||| 
<=,18,"",android.util.Log.i(Ljava/lang/String;Ljava/lang/String;)I&android.webkit.WebView.setWebContentsDebuggingEnabled(Z)V,-Infinity, ||| 
<=,18,"",android.net.Uri.getScheme()Ljava/lang/String;,-Infinity, ||| 
<=,18,android.net.Uri.getScheme()Ljava/lang/String;&android.webkit.WebResourceResponse.<init>(Ljava/lang/String;Ljava/lang/String;Ljava/io/InputStream;)V&android.webkit.MimeTypeMap.getSingleton()Landroid/webkit/MimeTypeMap;&android.content.res.AssetManager.openFd(Ljava/lang/String;)Landroid/content/res/AssetFileDescriptor;&android.net.Uri.getPath()Ljava/lang/String;&android.net.Uri.isAbsolute()Z&android.os.Looper.getThread()Ljava/lang/Thread;&android.content.res.AssetFileDescriptor.getLength()J&android.net.Uri.getSchemeSpecificPart()Ljava/lang/String;&android.webkit.MimeTypeMap.getMimeTypeFromExtension(Ljava/lang/String;)Ljava/lang/String;&android.content.ContentResolver.openAssetFileDescriptor(Landroid/net/Uri;Ljava/lang/String;)Landroid/content/res/AssetFileDescriptor;&android.content.res.AssetFileDescriptor.createInputStream()Ljava/io/FileInputStream;&android.os.Looper.getMainLooper()Landroid/os/Looper;&android.net.Uri.toString()Ljava/lang/String;&android.content.ContentResolver.getType(Landroid/net/Uri;)Ljava/lang/String;&android.net.Uri.getHost()Ljava/lang/String;&android.content.res.AssetManager.open(Ljava/lang/String;)Ljava/io/InputStream;&android.util.Base64.decode(Ljava/lang/String;I)[B&android.util.Log.e(Ljava/lang/String;Ljava/lang/String;Ljava/lang/Throwable;)I,"",-Infinity, ||| 
<=,18,"",android.webkit.WebView.setWebContentsDebuggingEnabled(Z)V&android.util.Log.d(Ljava/lang/String;Ljava/lang/String;)I,-Infinity, ||| 
<=,18,android.view.Window.setFlags(II)V&android.app.Activity.getWindow()Landroid/view/Window;,"",-Infinity, ||| 
<=,18,android.app.AlarmManager.set(IJLandroid/app/PendingIntent;)V,android.app.AlarmManager.setExact(IJLandroid/app/PendingIntent;)V,-Infinity, ||| 
<=,18,android.app.Activity.setResult(ILandroid/content/Intent;)V&android.content.Intent.putExtra(Ljava/lang/String;Z)Landroid/content/Intent;&android.content.Intent.<init>()V&android.app.Activity.finish()V&android.app.Activity.getIntent()Landroid/content/Intent;,android.content.pm.PackageManager.getApplicationInfo(Ljava/lang/String;I)Landroid/content/pm/ApplicationInfo;&android.net.ConnectivityManager.getActiveNetworkInfo()Landroid/net/NetworkInfo;&android.content.pm.PackageManager.resolveContentProvider(Ljava/lang/String;I)Landroid/content/pm/ProviderInfo;&android.util.Log.d(Ljava/lang/String;Ljava/lang/String;)I&android.net.Uri.buildUpon()Landroid/net/Uri$Builder;&android.content.res.Resources.getConfiguration()Landroid/content/res/Configuration;&android.net.NetworkInfo.getType()I&android.webkit.CookieManager.getInstance()Landroid/webkit/CookieManager;&android.accounts.AccountManager.get(Landroid/content/Context;)Landroid/accounts/AccountManager;&android.content.res.Resources.getIdentifier(Ljava/lang/String;Ljava/lang/String;Ljava/lang/String;)I&android.content.Context.getSystemService(Ljava/lang/String;)Ljava/lang/Object;&android.os.SystemClock.elapsedRealtime()J&android.net.Uri.getHost()Ljava/lang/String;&android.database.sqlite.SQLiteOpenHelper.<init>(Landroid/content/Context;Ljava/lang/String;Landroid/database/sqlite/SQLiteDatabase$CursorFactory;I)V&android.content.Context.getApplicationContext()Landroid/content/Context;&android.content.SharedPreferences$Editor.commit()Z&android.util.Log.w(Ljava/lang/String;Ljava/lang/String;)I&android.util.Log.v(Ljava/lang/String;Ljava/lang/String;)I&android.webkit.CookieSyncManager.getInstance()Landroid/webkit/CookieSyncManager;&android.content.Context.getPackageManager()Landroid/content/pm/PackageManager;&android.content.SharedPreferences.edit()Landroid/content/SharedPreferences$Editor;&android.view.Display.getMetrics(Landroid/util/DisplayMetrics;)V&android.content.res.Resources.getString(I)Ljava/lang/String;&android.os.Looper.getMainLooper()Landroid/os/Looper;&android.content.Context.getContentResolver()Landroid/content/ContentResolver;&android.content.pm.PackageManager.checkSignatures(Ljava/lang/String;Ljava/lang/String;)I&android.content.SharedPreferences$Editor.putString(Ljava/lang/String;Ljava/lang/String;)Landroid/content/SharedPreferences$Editor;&android.util.SparseIntArray.<init>()V&android.util.Log.e(Ljava/lang/String;Ljava/lang/String;Ljava/lang/Throwable;)I&android.os.BaseBundle.getBoolean(Ljava/lang/String;Z)Z&android.content.pm.Signature.<init>(Ljava/lang/String;)V&android.content.SharedPreferences.getString(Ljava/lang/String;Ljava/lang/String;)Ljava/lang/String;&android.os.Looper.myLooper()Landroid/os/Looper;&android.content.Context.getPackageName()Ljava/lang/String;&android.webkit.CookieManager.getCookie(Ljava/lang/String;)Ljava/lang/String;&android.content.ContextWrapper.getSharedPreferences(Ljava/lang/String;I)Landroid/content/SharedPreferences;&android.content.Context.getCacheDir()Ljava/io/File;&android.app.Activity.getWindowManager()Landroid/view/WindowManager;&android.view.WindowManager.getDefaultDisplay()Landroid/view/Display;&android.net.Uri$Builder.toString()Ljava/lang/String;&android.util.Log.e(Ljava/lang/String;Ljava/lang/String;)I&android.net.NetworkInfo.getSubtype()I&android.content.SharedPreferences.getInt(Ljava/lang/String;I)I&android.accounts.AccountManager.getAuthenticatorTypes()[Landroid/accounts/AuthenticatorDescription;&android.net.Uri.getAuthority()Ljava/lang/String;&android.text.TextUtils.isEmpty(Ljava/lang/CharSequence;)Z&android.content.Context.getString(I)Ljava/lang/String;&android.content.ContextWrapper.getBaseContext()Landroid/content/Context;&android.webkit.CookieSyncManager.startSync()V&android.net.Uri$Builder.appendQueryParameter(Ljava/lang/String;Ljava/lang/String;)Landroid/net/Uri$Builder;&android.content.res.Resources.getBoolean(I)Z&android.content.pm.PackageManager.getPackageInfo(Ljava/lang/String;I)Landroid/content/pm/PackageInfo;&android.util.Log.w(Ljava/lang/String;Ljava/lang/String;Ljava/lang/Throwable;)I&android.content.ContextWrapper.<init>(Landroid/content/Context;)V&android.webkit.CookieSyncManager.createInstance(Landroid/content/Context;)Landroid/webkit/CookieSyncManager;&android.os.Handler.<init>(Landroid/os/Looper;)V&android.util.DisplayMetrics.<init>()V&android.content.Context.getResources()Landroid/content/res/Resources;&android.net.Uri$Builder.appendEncodedPath(Ljava/lang/String;)Landroid/net/Uri$Builder;&android.util.Log.i(Ljava/lang/String;Ljava/lang/String;)I&android.net.Uri.parse(Ljava/lang/String;)Landroid/net/Uri;&android.util.SparseIntArray.put(II)V&android.content.Context.getSharedPreferences(Ljava/lang/String;I)Landroid/content/SharedPreferences;,-Infinity, ||| 
<=,18,android.database.Cursor.close()V&android.content.CursorLoader.loadInBackground()Landroid/database/Cursor;&android.database.Cursor.getColumnIndexOrThrow(Ljava/lang/String;)I&android.database.Cursor.getString(I)Ljava/lang/String;&android.content.CursorLoader.<init>(Landroid/content/Context;Landroid/net/Uri;[Ljava/lang/String;Ljava/lang/String;[Ljava/lang/String;Ljava/lang/String;)V&android.database.Cursor.moveToFirst()Z,android.database.Cursor.close()V&android.content.ContentResolver.query(Landroid/net/Uri;[Ljava/lang/String;Ljava/lang/String;[Ljava/lang/String;Ljava/lang/String;)Landroid/database/Cursor;&android.net.Uri.getPath()Ljava/lang/String;&android.content.Context.getContentResolver()Landroid/content/ContentResolver;&android.database.Cursor.getColumnIndex(Ljava/lang/String;)I&android.provider.DocumentsContract.getDocumentId(Landroid/net/Uri;)Ljava/lang/String;&android.database.Cursor.getString(I)Ljava/lang/String;&android.database.Cursor.moveToFirst()Z&android.util.Log.e(Ljava/lang/String;Ljava/lang/String;Ljava/lang/Throwable;)I,-Infinity, ||| 
<=,17,android.os.Handler.getLooper()Landroid/os/Looper;&android.os.Looper.quit()V,android.os.Handler.getLooper()Landroid/os/Looper;&android.os.Looper.quitSafely()V,-Infinity, ||| 
<=,-1,android.content.pm.PackageManager.getApplicationLabel(Landroid/content/pm/ApplicationInfo;)Ljava/lang/CharSequence;&android.webkit.CookieManager.setCookie(Ljava/lang/String;Ljava/lang/String;)V&android.view.View.setScrollContainer(Z)V&android.view.View.getLayoutParams()Landroid/view/ViewGroup$LayoutParams;&android.content.Context.getApplicationInfo()Landroid/content/pm/ApplicationInfo;&android.view.View.getHeight()I&android.webkit.CookieManager.getInstance()Landroid/webkit/CookieManager;&android.webkit.WebView.setWebViewClient(Landroid/webkit/WebViewClient;)V&android.content.Context.getSystemService(Ljava/lang/String;)Ljava/lang/Object;&android.view.View.setLayerType(ILandroid/graphics/Paint;)V&android.content.Context.getApplicationContext()Landroid/content/Context;&android.telephony.TelephonyManager.getNetworkOperatorName()Ljava/lang/String;&android.webkit.WebView.setLayoutParams(Landroid/view/ViewGroup$LayoutParams;)V&android.widget.FrameLayout.<init>(Landroid/content/Context;)V&android.webkit.WebView.getSettings()Landroid/webkit/WebSettings;&android.view.View.setContentDescription(Ljava/lang/CharSequence;)V&android.view.View.setHorizontalScrollBarEnabled(Z)V&android.webkit.WebView.setWebChromeClient(Landroid/webkit/WebChromeClient;)V&android.view.View.setOnKeyListener(Landroid/view/View$OnKeyListener;)V&android.webkit.WebView.<init>(Landroid/content/Context;)V&android.content.Context.getPackageManager()Landroid/content/pm/PackageManager;&android.view.Display.getMetrics(Landroid/util/DisplayMetrics;)V&android.widget.TextView.<init>(Landroid/content/Context;)V&android.view.View.getVisibility()I&android.webkit.WebSettings.getUserAgentString()Ljava/lang/String;&android.widget.TextView.setGravity(I)V&android.webkit.WebSettings.setMediaPlaybackRequiresUserGesture(Z)V&android.content.Context.getPackageName()Ljava/lang/String;&android.widget.TextView.setText(Ljava/lang/CharSequence;)V&android.view.View.isInEditMode()Z&android.webkit.WebView.setBackgroundColor(I)V&android.view.ViewGroup.removeView(Landroid/view/View;)V&android.webkit.WebSettings.setJavaScriptEnabled(Z)V&android.view.WindowManager.getDefaultDisplay()Landroid/view/Display;&android.webkit.WebViewDatabase.getInstance(Landroid/content/Context;)Landroid/webkit/WebViewDatabase;&android.content.Context.getFilesDir()Ljava/io/File;&android.webkit.WebChromeClient.<init>()V&android.webkit.WebSettings.setUserAgentString(Ljava/lang/String;)V&android.view.View.setVerticalScrollBarEnabled(Z)V&android.webkit.WebViewClient.<init>()V&android.view.View.setLayoutParams(Landroid/view/ViewGroup$LayoutParams;)V&android.view.View.getContext()Landroid/content/Context;&android.view.ViewGroup.addView(Landroid/view/View;)V&android.content.pm.PackageManager.getPackageInfo(Ljava/lang/String;I)Landroid/content/pm/PackageInfo;&android.webkit.WebSettings.setDomStorageEnabled(Z)V&android.webkit.CookieSyncManager.createInstance(Landroid/content/Context;)Landroid/webkit/CookieSyncManager;&android.util.DisplayMetrics.<init>()V&android.view.View.getWidth()I&android.widget.FrameLayout$LayoutParams.<init>(II)V&android.view.View.requestFocus()Z,android.content.pm.PackageManager.getApplicationLabel(Landroid/content/pm/ApplicationInfo;)Ljava/lang/CharSequence;&android.webkit.CookieManager.setCookie(Ljava/lang/String;Ljava/lang/String;)V&android.view.View.setScrollContainer(Z)V&android.content.Context.getApplicationInfo()Landroid/content/pm/ApplicationInfo;&android.view.View.getLayoutParams()Landroid/view/ViewGroup$LayoutParams;&android.view.View.getHeight()I&android.webkit.CookieManager.getInstance()Landroid/webkit/CookieManager;&android.webkit.WebView.setWebViewClient(Landroid/webkit/WebViewClient;)V&android.content.Context.getSystemService(Ljava/lang/String;)Ljava/lang/Object;&android.view.View.setLayerType(ILandroid/graphics/Paint;)V&android.content.Context.getApplicationContext()Landroid/content/Context;&android.telephony.TelephonyManager.getNetworkOperatorName()Ljava/lang/String;&android.webkit.WebView.setLayoutParams(Landroid/view/ViewGroup$LayoutParams;)V&android.widget.FrameLayout.<init>(Landroid/content/Context;)V&android.webkit.WebView.getSettings()Landroid/webkit/WebSettings;&android.view.View.setContentDescription(Ljava/lang/CharSequence;)V&android.view.View.setHorizontalScrollBarEnabled(Z)V&android.webkit.WebView.setWebChromeClient(Landroid/webkit/WebChromeClient;)V&android.view.View.setOnKeyListener(Landroid/view/View$OnKeyListener;)V&android.view.View.findViewById(I)Landroid/view/View;&android.webkit.WebView.<init>(Landroid/content/Context;)V&android.content.Context.getPackageManager()Landroid/content/pm/PackageManager;&android.app.Activity.getWindow()Landroid/view/Window;&android.view.Display.getMetrics(Landroid/util/DisplayMetrics;)V&android.widget.TextView.<init>(Landroid/content/Context;)V&android.view.View.getVisibility()I&android.webkit.WebSettings.getUserAgentString()Ljava/lang/String;&android.widget.TextView.setGravity(I)V&android.webkit.WebSettings.setMediaPlaybackRequiresUserGesture(Z)V&android.view.View.addOnLayoutChangeListener(Landroid/view/View$OnLayoutChangeListener;)V&android.content.Context.getPackageName()Ljava/lang/String;&android.widget.TextView.setText(Ljava/lang/CharSequence;)V&android.view.View.isInEditMode()Z&android.webkit.WebView.setBackgroundColor(I)V&android.view.ViewGroup.removeView(Landroid/view/View;)V&android.webkit.WebSettings.setJavaScriptEnabled(Z)V&android.view.WindowManager.getDefaultDisplay()Landroid/view/Display;&android.webkit.WebViewDatabase.getInstance(Landroid/content/Context;)Landroid/webkit/WebViewDatabase;&android.content.Context.getFilesDir()Ljava/io/File;&android.webkit.WebChromeClient.<init>()V&android.webkit.WebSettings.setUserAgentString(Ljava/lang/String;)V&android.view.View.setVerticalScrollBarEnabled(Z)V&android.view.View.isLayoutRequested()Z&android.content.ContextWrapper.getBaseContext()Landroid/content/Context;&android.webkit.WebViewClient.<init>()V&android.view.View.setLayoutParams(Landroid/view/ViewGroup$LayoutParams;)V&android.view.View.getContext()Landroid/content/Context;&android.view.ViewGroup.addView(Landroid/view/View;)V&android.content.pm.PackageManager.getPackageInfo(Ljava/lang/String;I)Landroid/content/pm/PackageInfo;&android.webkit.WebSettings.setDomStorageEnabled(Z)V&android.webkit.CookieSyncManager.createInstance(Landroid/content/Context;)Landroid/webkit/CookieSyncManager;&android.util.DisplayMetrics.<init>()V&android.view.View.getWidth()I&android.view.Window.getDecorView()Landroid/view/View;&android.view.View.getRootView()Landroid/view/View;&android.widget.FrameLayout$LayoutParams.<init>(II)V&android.view.View.requestFocus()Z,-Infinity, ||| 
<=,-1,android.os.AsyncTask.execute([Ljava/lang/Object;)Landroid/os/AsyncTask;,android.os.AsyncTask.executeOnExecutor(Ljava/util/concurrent/Executor;[Ljava/lang/Object;)Landroid/os/AsyncTask;,-Infinity, ||| 
<=,-1,"",android.view.View.getAlpha()F,-Infinity, ||| 
<=,-1,android.widget.ImageView.setAlpha(I)V,android.widget.ImageView.setImageAlpha(I)V,-Infinity, ||| 
<=,-1,"",android.content.Context.startActivity(Landroid/content/Intent;)V&android.content.Intent.<init>(Ljava/lang/String;)V&android.content.Intent.putExtra(Ljava/lang/String;J)Landroid/content/Intent;&android.content.Intent.putExtra(Ljava/lang/String;Ljava/lang/String;)Landroid/content/Intent;&android.content.Intent.setType(Ljava/lang/String;)Landroid/content/Intent;,-Infinity, ||| 
<=,-1,android.webkit.CookieManager.setCookie(Ljava/lang/String;Ljava/lang/String;)V&android.view.View.setScrollContainer(Z)V&android.view.View.getLayoutParams()Landroid/view/ViewGroup$LayoutParams;&android.webkit.WebView.setBackgroundColor(I)V&android.view.ViewGroup.removeView(Landroid/view/View;)V&android.webkit.WebSettings.setJavaScriptEnabled(Z)V&android.webkit.CookieManager.getInstance()Landroid/webkit/CookieManager;&android.webkit.WebView.setWebViewClient(Landroid/webkit/WebViewClient;)V&android.webkit.WebChromeClient.<init>()V&android.view.View.setLayerType(ILandroid/graphics/Paint;)V&android.webkit.WebSettings.setUserAgentString(Ljava/lang/String;)V&android.content.Context.getApplicationContext()Landroid/content/Context;&android.webkit.WebView.setLayoutParams(Landroid/view/ViewGroup$LayoutParams;)V&android.view.View.setVerticalScrollBarEnabled(Z)V&android.webkit.WebView.getSettings()Landroid/webkit/WebSettings;&android.webkit.WebViewClient.<init>()V&android.view.View.getContext()Landroid/content/Context;&android.view.ViewGroup.addView(Landroid/view/View;)V&android.webkit.WebSettings.setDomStorageEnabled(Z)V&android.view.View.setContentDescription(Ljava/lang/CharSequence;)V&android.webkit.CookieSyncManager.createInstance(Landroid/content/Context;)Landroid/webkit/CookieSyncManager;&android.view.View.setHorizontalScrollBarEnabled(Z)V&android.webkit.WebView.setWebChromeClient(Landroid/webkit/WebChromeClient;)V&android.view.View.setOnKeyListener(Landroid/view/View$OnKeyListener;)V&android.webkit.WebView.<init>(Landroid/content/Context;)V&android.webkit.WebSettings.getUserAgentString()Ljava/lang/String;&android.widget.FrameLayout$LayoutParams.<init>(II)V&android.webkit.WebSettings.setMediaPlaybackRequiresUserGesture(Z)V&android.view.View.requestFocus()Z,android.webkit.WebView.removeJavascriptInterface(Ljava/lang/String;)V,-Infinity, ||| 
<=,-1,"",android.view.ViewTreeObserver.addOnWindowFocusChangeListener(Landroid/view/ViewTreeObserver$OnWindowFocusChangeListener;)V,-Infinity, ||| 
<=,-1,"",android.view.ViewTreeObserver.removeOnWindowFocusChangeListener(Landroid/view/ViewTreeObserver$OnWindowFocusChangeListener;)V,-Infinity, ||| 
<=,16,android.os.Handler.post(Ljava/lang/Runnable;)Z&android.view.View.getVisibility()I&android.widget.ProgressBar.setProgress(I)V&android.app.Activity.findViewById(I)Landroid/view/View;&android.os.Looper.getMainLooper()Landroid/os/Looper;&android.os.Handler.<init>(Landroid/os/Looper;)V&android.webkit.WebView.getContentHeight()I,android.view.View.getVisibility()I&android.widget.ProgressBar.setProgress(I)V&android.app.Activity.findViewById(I)Landroid/view/View;,-Infinity, ||| 
<=,16,"",android.webkit.WebView.addJavascriptInterface(Ljava/lang/Object;Ljava/lang/String;)V,-Infinity, ||| 
<=,16,android.view.WindowManager.getDefaultDisplay()Landroid/view/Display;&android.view.Display.getMetrics(Landroid/util/DisplayMetrics;)V,android.view.Display.getRealMetrics(Landroid/util/DisplayMetrics;)V&android.view.WindowManager.getDefaultDisplay()Landroid/view/Display;,-Infinity, ||| 
<=,16,"",android.webkit.WebView.getSettings()Landroid/webkit/WebSettings;&android.webkit.WebSettings.setMediaPlaybackRequiresUserGesture(Z)V,-Infinity, ||| 
<=,16,android.util.Log.i(Ljava/lang/String;Ljava/lang/String;)I,android.webkit.WebView.addJavascriptInterface(Ljava/lang/Object;Ljava/lang/String;)V,-Infinity, ||| 
<=,16,"",android.webkit.WebSettings.setMediaPlaybackRequiresUserGesture(Z)V,-Infinity, ||| 
<=,16,"",android.content.res.Configuration.setLocale(Ljava/util/Locale;)V,-Infinity, ||| 
<=,7,android.os.Bundle.<init>()V&android.os.BaseBundle.putInt(Ljava/lang/String;I)V&android.os.BaseBundle.putString(Ljava/lang/String;Ljava/lang/String;)V&android.os.Bundle.toString()Ljava/lang/String;&android.net.http.SslError.toString()Ljava/lang/String;,android.webkit.WebViewClient.onReceivedSslError(Landroid/webkit/WebView;Landroid/webkit/SslErrorHandler;Landroid/net/http/SslError;)V,-Infinity, ||| 
<=,7,android.os.Bundle.<init>()V&android.os.BaseBundle.putInt(Ljava/lang/String;I)V&android.net.http.SslError.getPrimaryError()I&android.net.http.SslError.getUrl()Ljava/lang/String;&android.util.Log.i(Ljava/lang/String;Ljava/lang/String;)I&android.os.BaseBundle.putString(Ljava/lang/String;Ljava/lang/String;)V&android.content.Context.getPackageName()Ljava/lang/String;&android.text.TextUtils.isEmpty(Ljava/lang/CharSequence;)Z,android.webkit.WebViewClient.onReceivedSslError(Landroid/webkit/WebView;Landroid/webkit/SslErrorHandler;Landroid/net/http/SslError;)V,-Infinity, ||| 
<=,7,android.view.MotionEvent.getAction()I,android.view.MotionEvent.getActionMasked()I,-Infinity, ||| 
<=,8,"",android.util.Log.w(Ljava/lang/String;Ljava/lang/String;)I&android.util.Log.i(Ljava/lang/String;Ljava/lang/String;)I&android.util.Log.w(Ljava/lang/String;Ljava/lang/String;Ljava/lang/Throwable;)I&android.content.ContextWrapper.<init>(Landroid/content/Context;)V&android.content.Context.getApplicationContext()Landroid/content/Context;,-Infinity, ||| 
<=,8,"",android.content.res.Resources.getIdentifier(Ljava/lang/String;Ljava/lang/String;Ljava/lang/String;)I&android.content.res.Resources.getBoolean(I)Z&android.content.Context.getPackageName()Ljava/lang/String;&android.util.Log.i(Ljava/lang/String;Ljava/lang/String;Ljava/lang/Throwable;)I&android.content.res.Resources.getConfiguration()Landroid/content/res/Configuration;&android.content.Context.getResources()Landroid/content/res/Resources;&android.content.Context.getString(I)Ljava/lang/String;,-Infinity, ||| 
!=,19,android.view.ViewGroup$MarginLayoutParams.setMargins(IIII)V&android.view.View.requestLayout()V,android.os.Handler.<init>()V&android.os.Handler.postDelayed(Ljava/lang/Runnable;J)Z,-Infinity, ||| 
!=,19,"",android.os.Handler.<init>()V&android.view.ViewGroup$MarginLayoutParams.setMargins(IIII)V&android.view.View.requestLayout()V&android.os.Handler.postDelayed(Ljava/lang/Runnable;J)Z,-Infinity, ||| 
<=,23,"",android.util.Log.w(Ljava/lang/String;Ljava/lang/String;)I,-Infinity, ||| 
<=,23,"",android.content.Intent.addFlags(I)Landroid/content/Intent;,-Infinity, ||| 
<=,23,android.net.Uri.fromFile(Ljava/io/File;)Landroid/net/Uri;,android.content.Context.getFilesDir()Ljava/io/File;&android.os.Environment.getExternalStorageDirectory()Ljava/io/File;&android.content.pm.PackageManager.resolveContentProvider(Ljava/lang/String;I)Landroid/content/pm/ProviderInfo;&android.text.TextUtils.isEmpty(Ljava/lang/CharSequence;)Z&android.content.Context.getCacheDir()Ljava/io/File;&android.content.Context.getPackageManager()Landroid/content/pm/PackageManager;&android.content.pm.PackageItemInfo.loadXmlMetaData(Landroid/content/pm/PackageManager;Ljava/lang/String;)Landroid/content/res/XmlResourceParser;&android.content.Context.getString(I)Ljava/lang/String;,-Infinity, ||| 
<=,23,"",android.webkit.WebView.<init>(Landroid/content/Context;)V&android.webkit.WebView.destroy()V,-Infinity, ||| 
<=,6,"",android.content.pm.PackageManager.hasSystemFeature(Ljava/lang/String;)Z&android.util.Log.i(Ljava/lang/String;Ljava/lang/String;Ljava/lang/Throwable;)I,-Infinity, ||| 
<=,6,android.hardware.Camera.getCameraInfo(ILandroid/hardware/Camera$CameraInfo;)V&android.hardware.Camera$CameraInfo.<init>()V&android.hardware.Camera.getNumberOfCameras()I&android.util.Log.e(Ljava/lang/String;Ljava/lang/String;Ljava/lang/Throwable;)I,"",-Infinity, ||| 
!=,7,"",android.util.Log.d(Ljava/lang/String;Ljava/lang/String;)I&android.webkit.WebChromeClient.onConsoleMessage(Ljava/lang/String;ILjava/lang/String;)V,-Infinity, ||| 
<=,9,"",android.media.MediaMetadataRetriever.release()V&android.media.MediaMetadataRetriever.<init>()V&android.media.MediaMetadataRetriever.setDataSource(Ljava/lang/String;)V&android.media.MediaMetadataRetriever.extractMetadata(I)Ljava/lang/String;,-Infinity, ||| 
<=,9,"",android.webkit.WebView.resumeTimers()V&android.util.Log.d(Ljava/lang/String;Ljava/lang/String;)I,-Infinity, ||| 
<=,9,android.util.Log.v(Ljava/lang/String;Ljava/lang/String;)I&android.content.Context.openOrCreateDatabase(Ljava/lang/String;ILandroid/database/sqlite/SQLiteDatabase$CursorFactory;)Landroid/database/sqlite/SQLiteDatabase;&android.database.sqlite.SQLiteClosable.close()V&android.content.ContextWrapper.getApplicationContext()Landroid/content/Context;,"",-Infinity, ||| 
